office,district,effective_date,summary
Governor's Council,Eighth,2023-01-04,"The Massachusetts Eighth Governor's Council District is currently represented by incumbent Tara J. Jacobs (D-North Adams) who was first elected in 2022. The district covers a large portion of western Massachusetts, including 103 cities and towns with a total population of approximately 828,000 people."
Governor's Council,Fifth,2023-01-04,"The Massachusetts Fifth Governor's Council District covers northeast Massachusetts including cities like Lawrence, Lowell, Salem, and Gloucester, spanning 35 municipalities with a population of 864,180. The current incumbent is Eunice Delice Zeigler (D-Methuen), who won the 2024 election with 47% of the vote against Republican Anne Manning-Martin (41%) and independent Jody Elliott (12%). The district has predominantly elected Democratic representatives since at least 1992."
Governor's Council,First,2023-01-04,"The First Governor's Council District in Massachusetts encompasses southeastern Massachusetts, including Cape Cod, the Islands (Martha's Vineyard and Nantucket), and the South Coast region. The current incumbent is Democrat Joseph C. Ferreira of Swansea, who has held the position since 2014 and won his most recent election in 2022 with 100% of the vote (unopposed)."
Governor's Council,Fourth,2023-01-04,"The Massachusetts Fourth Governor's Council District covers parts of Boston and several surrounding communities including Quincy, Weymouth, Braintree, and other towns in Norfolk and Plymouth counties. The district has a population of 884,687 and is currently represented by Democrat Christopher A. Iannella, Jr. of Boston, who has held the seat since at least the early 1990s and has frequently run unopposed in elections."
Governor's Council,Second,2023-01-04,"The Massachusetts Second Governor's Council District is currently represented by Tamisha L. Civil (D-Stoughton), who won the seat in 2024 with 57% of the vote against Republican Francis T. Crimmins, Jr. The district covers numerous municipalities including parts of Braintree and multiple complete towns in eastern Massachusetts, with a population of approximately 871,355 residents."
Governor's Council,Seventh,2023-01-04,"The Massachusetts Seventh Governor's Council District is currently represented by Democrat Paul M. DePalo of Worcester, who won the seat in 2020 and was reelected in 2022 and 2024. The district covers a large portion of central Massachusetts, including Worcester and numerous surrounding communities, with a population of about 857,000 people."
Governor's Council,Sixth,2023-01-04,"The Massachusetts Sixth Governor's Council District covers several municipalities including Boston, Cambridge, Chelsea, Everett, and other communities in eastern Massachusetts. The district has a population of 899,584. The current incumbent is Terrence W. Kennedy (D-Lynnfield), who has held the seat since 2010 and has been re-elected multiple times, often running unopposed."
Governor's Council,Third,2023-01-04,"The Massachusetts Third Governor's Council District covers portions of greater Boston, including parts of Boston, Cambridge, Watertown, and surrounding suburbs. The district has been represented by Democrat Marilyn Petitto Devaney of Watertown for many years, but in the upcoming 2024 election, Democrat Mara Dolan of Concord is slated to take the position."
State Representative,"Barnstable, Dukes and Nantucket",2023-01-04,"The Barnstable, Dukes and Nantucket State Representative District in Massachusetts is currently represented by Democrat Thomas W. Moakley of Falmouth. The district encompasses Martha's Vineyard, Nantucket, Gosnold, and portions of Falmouth on Cape Cod."
State Representative,Eighteenth Essex,2023-01-04,"The Massachusetts Eighteenth Essex State Representative District is currently represented by incumbent Democrat Tram T. Nguyen from Andover. The district includes parts of Andover, Boxford, North Andover, and Tewksbury, covering an area of 57 square miles with a population of approximately 46,164."
State Representative,Eighteenth Middlesex,2023-01-04,"The Massachusetts Eighteenth Middlesex State Representative District is located entirely within Lowell and is currently represented by Democratic incumbent Tara Thorn Hong, who won the seat in the 2024 election with 78% of the vote. The district has a highly diverse population with 62% minority residents and includes 16 precincts in Lowell."
State Representative,Eighteenth Suffolk,2023-01-04,"The Massachusetts Eighteenth Suffolk State Representative District is currently represented by Democratic incumbent Michael J. Moran of Boston. The district includes portions of Boston and Cambridge, covering approximately 3 square miles with a population of 38,620 residents."
State Representative,Eighteenth Worcester,2023-01-04,"The 18th Worcester State Representative District of Massachusetts encompasses the towns of Douglas, Webster, Sutton, as well as parts of Oxford (precincts 1, 4) and Uxbridge (precinct 1). The current incumbent is Republican Joseph D. McKenna from Sutton, who has held the seat since 2014 when he defeated Democrat Mark G. Dowgiewicz. The district is predominantly white (85%) with a poverty rate of 8% and covers approximately 105 square miles."
State Representative,Eighth Bristol,2023-01-04,"The Eighth Bristol State Representative District is located in southeastern Massachusetts and includes portions of Acushnet, Fall River, Freetown, New Bedford, and Westport. The district has a population of 44,541 and is predominantly white (88%). Steven J. Ouellette (Democrat) is the incumbent, having won a close three-way race in 2024 with 40% of the vote."
State Representative,Eighth Essex,2023-01-04,"The Eighth Essex State Representative District is a Massachusetts legislative district covering parts of Lynn, Marblehead, and Swampscott. The incumbent is Jennifer Wb Armini (Democrat from Marblehead), who has held the position since 2022."
State Representative,Eighth Hampden,2023-01-04,"The Massachusetts Eighth Hampden State Representative District encompasses 14 precincts in Chicopee, with a population of 42,710 residents. The current incumbent is Democrat Shirley B. Arriaga from Chicopee, who succeeded longtime representative Joseph F. Wagner in 2022."
State Representative,Eighth Middlesex,2023-01-04,"The Massachusetts Eighth Middlesex State Representative District includes Holliston, Hopkinton, parts of Millis (precincts 2, 3), and Sherborn. The incumbent is Democrat James Arena-DeRosa of Holliston, who was first elected in 2022 and is running unopposed for reelection in 2024."
State Representative,Eighth Norfolk,2023-01-04,"The Eighth Norfolk State Representative District in Massachusetts is currently represented by Democrat Ted Philips of Sharon. The district covers portions of Mansfield, Sharon, Stoughton, and Walpole with a population of approximately 43,000 residents."
State Representative,Eighth Plymouth,2023-01-04,"The Massachusetts Eighth Plymouth State Representative District is currently represented by Democrat Dennis C. Gallagher of Bridgewater, who won the seat in the 2024 election with 51% of the vote over Republican Sandra Wright. The district encompasses parts of Bridgewater and Raynham, with a population of approximately 44,000 residents."
State Representative,Eighth Suffolk,2023-01-04,"The Massachusetts Eighth Suffolk State Representative District is currently represented by Democratic incumbent Jay D. Livingstone of Boston, who has held the seat since winning a special election in 2013. The district is located entirely within Boston, covering portions of the city across 18 precincts. It is a compact urban district with an area of just 1 square mile and a population of 41,784."
State Representative,Eighth Worcester,2023-01-04,"The Massachusetts Eighth Worcester State Representative District is currently represented by Republican Michael J. Soter of Bellingham, who has held the seat since winning election in 2018. The district covers portions of Bellingham, Blackstone, Medway, Millville, and Uxbridge, with a population of approximately 43,499 residents."
State Representative,Eleventh Bristol,2023-01-04,"The Massachusetts Eleventh Bristol State Representative District covers parts of New Bedford and is currently represented by Democratic incumbent Christopher Hendricks of New Bedford. The district has been consistently held by Democrats, with Hendricks winning uncontested elections since 2018."
State Representative,Eleventh Essex,2023-01-04,"The Massachusetts Eleventh Essex State Representative District is located in Lynn and Nahant, with a majority-minority population (63%). The incumbent is Democrat Sean Reid of Lynn, who succeeded Peter L. Capano in 2024."
State Representative,Eleventh Hampden,2023-01-04,"The Massachusetts Eleventh Hampden State Representative District covers sections of Springfield and is currently represented by Democrat Bud L. Williams. The district has a diverse population with 73% minority residents, and Williams has represented the district since 2016, winning his most recent elections with 100% of the vote."
State Representative,Eleventh Middlesex,2023-01-04,"This district is located entirely in Newton, Massachusetts, covering 16 precincts within the city. The current representative is Amy Mah Sangiolo (D-Newton), who won the most recent election in November 2024 with 81% of the vote against Republican challenger Vladislav S. Yanovsky. Prior to Sangiolo, Kay S. Khan (D-Newton) represented the district for many years, often running unopposed."
State Representative,Eleventh Norfolk,2023-01-04,"The Massachusetts Eleventh Norfolk State Representative District is currently represented by incumbent Democrat Paul McMurtry of Dedham, who has held the seat since 2007. The district includes areas of Dedham, Walpole, and Westwood, with a predominantly white population (80%) and covering approximately 26 square miles in the Norfolk County area."
State Representative,Eleventh Plymouth,2023-01-04,"The Massachusetts Eleventh Plymouth State Representative District is located entirely within the city of Brockton, covering 11 precincts. The district is currently represented by incumbent Democratic State Representative Rita A. Mendes of Brockton, who was first elected in 2022 and is running unopposed in 2024."
State Representative,Eleventh Suffolk,2023-01-04,"The Massachusetts Eleventh Suffolk State Representative District covers parts of Chelsea and Everett, with a diverse population that is predominantly Hispanic (65%). The current incumbent is Democratic Representative Judith A. Garcia of Chelsea, who was first elected in 2022, winning with 73% of the vote against Republican Todd B. Taylor."
State Representative,Eleventh Worcester,2023-01-04,"The Massachusetts Eleventh Worcester State Representative District comprises Shrewsbury and parts of Westborough, covering 26 square miles with a population of 42,109. The current incumbent is Republican Hannah E. Kane of Shrewsbury, who has held the seat since winning a special election in 2015."
State Representative,Fifteenth Essex,2023-01-04,"The Massachusetts Fifteenth Essex State Representative District is represented by Ryan M. Hamilton (D-Methuen), who has won uncontested races in 2022 and 2024. The district covers parts of Haverhill and Methuen, with a population of 46,016 that is 70% white and 30% minority."
State Representative,Fifteenth Middlesex,2023-01-04,"The Fifteenth Middlesex State Representative District in Massachusetts includes portions of Lexington, Winchester, and Woburn, with a population of 41,829. The district is currently represented by incumbent Democrat Michelle Ciccolo of Lexington, who has held the seat since 2018 and has run unopposed in recent elections."
State Representative,Fifteenth Norfolk,2023-01-04,"The Massachusetts Fifteenth Norfolk State Representative District is located entirely in Brookline, encompassing 13 precincts. The current incumbent is Democratic Representative Tommy Vitolo of Brookline, who has represented the district since 2018 and has run unopposed in all of his elections."
State Representative,Fifteenth Suffolk,2023-01-04,"The Massachusetts Fifteenth Suffolk State Representative District is a legislative district located in Boston, covering 19 precincts across multiple Boston neighborhoods. The current incumbent is Democratic Representative Samantha Montaño of Boston, who has served since 2022 after winning uncontested elections in both 2022 and 2024."
State Representative,Fifteenth Worcester,2023-01-04,"The Massachusetts Fifteenth Worcester State Representative District is located entirely within Worcester, including parts of several precincts. It is currently represented by Democratic incumbent Mary S. Keefe of Worcester, who has held the seat since 2012 and has run unopposed in most recent elections."
State Representative,Fifth Barnstable,2023-01-04,"The Massachusetts Fifth Barnstable State Representative District covers portions of Barnstable, Bourne, and Sandwich with a population of 41,150. The district is currently represented by Republican incumbent Steven G. Xiarhos of Barnstable, who won reelection in 2024 with 61% of the vote against Democratic challenger Owen G. Fletcher."
State Representative,Fifth Bristol,2023-01-04,"This Massachusetts Fifth Bristol State Representative District is currently represented by Patricia A. Haddad (D-Somerset), who was recently defeated by Justin Thurber (R-Somerset) in the 2024 election. The district includes parts of Dighton, Somerset, Swansea, and Taunton."
State Representative,Fifth Essex,2023-01-04,"The Massachusetts Fifth Essex State Representative District encompasses Essex, Gloucester, Manchester-by-the-Sea, and Rockport, with a population of approximately 44,000. It is currently represented by incumbent Ann-Margaret Ferrante, a Democrat from Gloucester who has held the seat since 2008 and most recently won reelection in 2024 with 67% of the vote against an unenrolled candidate."
State Representative,Fifth Hampden,2023-01-04,"The Fifth Hampden State Representative District in Massachusetts encompasses parts of Chicopee and Holyoke, covering 23 square miles with a population of 42,111. The current incumbent is Patricia A. Duffy, a Democrat from Holyoke, who has represented the district since 2020 after winning uncontested elections."
State Representative,Fifth Middlesex,2023-01-04,"The Massachusetts Fifth Middlesex State Representative District is currently represented by incumbent David Paul Linsky (D-Natick), who has held the seat since 1999. The district encompasses parts of Natick and precincts 2 and 3 of Wayland."
State Representative,Fifth Norfolk,2023-01-04,"The Fifth Norfolk State Representative District is located in Massachusetts and includes parts of Braintree and precincts 1 and 2 of Holbrook. The current incumbent is Mark J. Cusack, a Democrat from Braintree who has held this seat since 2010 and ran unopposed in the 2022 and 2024 elections."
State Representative,Fifth Plymouth,2023-01-04,"The Massachusetts Fifth Plymouth State Representative District is currently represented by Republican incumbent David F. Decoste of Norwell, who is running unopposed in the 2024 election. The district includes the towns of Hanover, Hanson, Norwell, and Rockland in Plymouth County."
State Representative,Fifth Suffolk,2023-01-04,"The Fifth Suffolk State Representative District is located in Boston, encompassing parts of neighborhoods including Dorchester and Roxbury. The district is currently represented by Democratic incumbent Christopher J. Worrell of Boston, who was first elected in 2022. The district is majority-minority with 92% of residents identifying as non-white, particularly Black (48%) and Hispanic (29%) populations."
State Representative,Fifth Worcester,2023-01-04,"The Fifth Worcester State Representative District is currently represented by Republican Donald R. Berthiaume, Jr. of Spencer, who has held the seat since 2014. The district encompasses several rural towns in central Massachusetts, including Barre, Brookfield, East Brookfield, Hardwick, Hubbardston, parts of Leicester and Spencer, New Braintree, North Brookfield, Oakham, part of Ware, and West Brookfield."
State Representative,First Barnstable,2023-01-04,"The Massachusetts First Barnstable State Representative District encompasses the towns of Brewster and Dennis, along with precincts 1, 2, 3, 4, 7, and 8 of Yarmouth on Cape Cod. The current incumbent is Democrat Christopher Richard Flanagan of Dennis, who was first elected in 2022 and won re-election in 2024 with 57% of the vote."
State Representative,First Berkshire,2023-01-04,"The Massachusetts First Berkshire State Representative District is currently represented by incumbent Democrat John P. Barrett, III of North Adams. The district encompasses several communities in northwestern Massachusetts including North Adams, Williamstown, Adams, and surrounding towns in Berkshire County."
State Representative,First Bristol,2023-01-04,"The Massachusetts First Bristol State Representative District is currently represented by Republican Fred Jay Barrows from Mansfield, who has held the seat since winning a 2006 special election. The district includes portions of Foxborough, Mansfield, and Norton in southeastern Massachusetts."
State Representative,First Essex,2023-01-04,"The Massachusetts First Essex State Representative District is currently represented by Dawne Frances Shand, a Democrat from Newburyport who was elected in 2022 and is running unopposed in 2024. The district includes parts of Amesbury along with the full municipalities of Merrimac, Newburyport, and Salisbury in northeastern Massachusetts."
State Representative,First Franklin,2023-01-04,"The Massachusetts First Franklin State Representative District is located in western Massachusetts, covering all or part of 18 cities/towns including portions of Greenfield and communities like Deerfield, Montague, and Sunderland. The current incumbent is Democratic Representative Natalie M. Blais of Deerfield, who has represented the district since 2018 and has run unopposed in all her elections."
State Representative,First Hampden,2023-01-04,"The Massachusetts First Hampden State Representative District encompasses Brimfield, Holland, Palmer, Sturbridge, Wales, parts of Ware (precincts B and C), and Warren, covering 197 square miles in western Massachusetts. The district is currently represented by Republican incumbent Todd M. Smola of Warren, who has held the seat since 2004 and was most recently reelected in 2022 without opposition."
State Representative,First Hampshire,2023-01-04,"This Massachusetts State Representative district, known as the First Hampshire District, includes Northampton and surrounding towns. The current incumbent is Lindsay N. Sabadosa (D-Northampton), who has represented the district since winning election in 2018 and has run unopposed in all her elections."
State Representative,First Middlesex,2023-01-04,"The Massachusetts First Middlesex State Representative District is currently represented by Democrat Margaret R. Scarsdale of Pepperell, who narrowly won the 2024 election with 51% of the vote. The district covers portions of Middlesex County including the towns of Ashby, Dunstable, parts of Groton, parts of Lunenburg, Pepperell, and Townsend."
State Representative,First Norfolk,2023-01-04,"The First Norfolk State Representative District in Massachusetts covers parts of Quincy and Randolph, comprising about 49,065 residents across 13 square miles. The district is currently represented by Bruce J. Ayers, a Democrat from Quincy who has been consistently reelected without opposition since 2006, with his most recent contested election being in 2004."
State Representative,First Plymouth,2023-01-04,"The Massachusetts First Plymouth State Representative District is represented by incumbent Michelle L. Badger (Democrat) who won the most recent election in 2024. The district is located in Plymouth, encompassing 13 precincts in the town, with a predominantly white population (91%) and covers approximately 93 square miles."
State Representative,First Suffolk,2023-01-04,"The First Suffolk State Representative District is a legislative district in Massachusetts covering parts of Boston, represented by incumbent Democrat Adrian C. Madaro. The district has a diverse population that is predominantly Hispanic (55%), with a total minority population of 66%."
State Representative,First Worcester,2023-01-04,"The Massachusetts First Worcester State Representative District is currently represented by Republican Kimberly N. Ferguson from Holden. The district includes the communities of Holden, Paxton, Princeton, Rutland, and Westminster in central Massachusetts, covering 161 square miles with a population of 45,656."
State Representative,Fourteenth Bristol,2023-01-04,"The Massachusetts Fourteenth Bristol State Representative District is currently represented by Democrat Adam J. Scanlon of North Attleborough, who was most recently reelected in 2024. The district encompasses portions of Attleboro, Mansfield, and North Attleborough with a population of approximately 42,608."
State Representative,Fourteenth Essex,2023-01-04,"The Massachusetts Fourteenth Essex State Representative District is currently represented by Adrianne Pusateri Ramos (D-North Andover), who was elected in 2022. The district covers parts of Amesbury, Boxford, and North Andover, as well as all of Groveland and West Newbury, with a total population of 46,221."
State Representative,Fourteenth Middlesex,2023-01-04,"The 14th Middlesex district is represented by incumbent Democrat Simon Cataldo of Concord. The district includes portions of Acton, all of Carlisle, parts of Chelmsford, and parts of Concord, covering an area of 53 square miles in Middlesex County."
State Representative,Fourteenth Norfolk,2023-01-04,"The Massachusetts Fourteenth Norfolk State Representative District is represented by incumbent Democrat Alice Hanlon Peisch of Wellesley. The district includes parts of Lincoln, Wellesley, and Weston, covering about 34 square miles with a population of approximately 44,653 people."
State Representative,Fourteenth Suffolk,2023-01-04,"The Massachusetts Fourteenth Suffolk State Representative District is currently represented by Rob Consalvo (D-Boston), who has held the seat since 2020. The district is located entirely within Boston and has a diverse population that is predominantly minority (67%), with significant Black (37%) and Hispanic (24%) communities."
State Representative,Fourteenth Worcester,2023-01-04,"The Fourteenth Worcester district includes West Boylston and several precincts in Worcester. The district is currently represented by Democratic incumbent James J. O'Day of West Boylston, who has held the seat since 2007 and has run unopposed in most recent elections."
State Representative,Fourth Barnstable,2023-01-04,"The Massachusetts Fourth Barnstable State Representative District covers seven Cape Cod towns including Chatham, Eastham, Harwich, Orleans, Provincetown, Truro, and Wellfleet. The current incumbent is Democrat Sarah K. Peake of Provincetown, who has held the seat since 2007 and has run unopposed in most recent elections."
State Representative,Fourth Bristol,2023-01-04,"The Massachusetts Fourth Bristol State Representative District covers Norton (precincts 1, 2), Rehoboth, Seekonk, and Swansea (precincts 4, 5), with a predominantly white (91%) population of 41,529. The incumbent is Republican Steven S. Howitt of Seekonk, who has represented the district since 2010 when he defeated Democrat Steven J. D'Amico."
State Representative,Fourth Essex,2023-01-04,"The Massachusetts Fourth Essex State Representative District includes parts of Lawrence and Methuen, with a diverse population that is 75% minority and 69% Hispanic. The current incumbent is Democrat Estela A. Reyes of Lawrence, who was elected in 2022 and ran unopposed in the most recent election in 2024."
State Representative,Fourth Hampden,2023-01-04,"This is the Massachusetts Fourth Hampden State Representative District, currently represented by Republican incumbent Kelly W. Pease of Westfield. The district primarily consists of Westfield and Southampton in western Massachusetts."
State Representative,Fourth Middlesex,2023-01-04,"The Massachusetts Fourth Middlesex State Representative District is currently represented by incumbent Democratic Representative Danielle W. Gregoire of Marlborough. The district encompasses parts of Framingham and Marlborough, with a population of approximately 42,327 people."
State Representative,Fourth Norfolk,2023-01-04,"The district is currently represented by incumbent James Michael Murphy, a Democrat from Weymouth. The Fourth Norfolk district consists entirely of Weymouth precincts and has been represented by Murphy since a special election in 2001."
State Representative,Fourth Plymouth,2023-01-04,"The Fourth Plymouth State Representative District in Massachusetts is represented by incumbent Patrick Joseph Kearney (D-Scituate). The district covers parts of Marshfield, Norwell, and Scituate on Massachusetts' South Shore region."
State Representative,Fourth Suffolk,2023-01-04,"The Massachusetts Fourth Suffolk State Representative District is currently represented by incumbent Democratic representative David Biele of Boston. The district is located entirely within Boston, encompassing parts of South Boston and surrounding neighborhoods."
State Representative,Fourth Worcester,2023-01-04,"The Massachusetts Fourth Worcester State Representative District encompasses the city of Leominster. The district is currently represented by incumbent Democrat Natalie Higgins of Leominster, who has held the seat since 2016 and most recently won reelection in 2024 with 58% of the vote against Republican challenger Salvatore Perla."
State Representative,Nineteenth Middlesex,2023-01-04,"The Massachusetts Nineteenth Middlesex State Representative District encompasses parts of Tewksbury and Wilmington, covering 27 square miles with a population of 40,440. The district is currently represented by incumbent Democratic Representative David Allen Robertson of Wilmington, who won reelection in 2024 with 53% of the vote against Republican and third-party challengers."
State Representative,Nineteenth Suffolk,2023-01-04,"The Nineteenth Suffolk State Representative District of Massachusetts includes parts of Revere (various precincts) and Winthrop. The current incumbent is Democratic Representative Jeffrey Rosario Turco of Winthrop, who has held the seat since winning a special election in March 2021, following longtime representative Robert DeLeo's departure."
State Representative,Nineteenth Worcester,2023-01-04,"The Nineteenth Worcester State Representative District is currently represented by Kate Donaghue (D-Westborough), who won reelection in 2024 with 78% of the vote. The district includes portions of Framingham, Northborough, Southborough, and Westborough, covering 47 square miles with a population of 41,148."
State Representative,Ninth Bristol,2023-01-04,"The Massachusetts Ninth Bristol State Representative District encompasses parts of Dartmouth and New Bedford, with a population of 41,194. The district is currently represented by incumbent Christopher M. Markey, a Democrat from Dartmouth, who has held the seat since 2010 and has run unopposed in most recent elections."
State Representative,Ninth Essex,2023-01-04,"The Massachusetts Ninth Essex State Representative District is currently represented by Republican Donald H. Wong of Saugus, who has held the seat since 2010. The district encompasses parts of Lynn, Saugus, and Wakefield, covering 16 square miles with a population of approximately 44,901 residents."
State Representative,Ninth Hampden,2023-01-04,"The Massachusetts Ninth Hampden State Representative District is located entirely within Springfield, comprising various precincts across the city. The current incumbent is Orlando Ramos, a Democrat from Springfield, who has held the seat since 2020 and was most recently reelected in 2022 with 100% of the vote."
State Representative,Ninth Middlesex,2023-01-04,"This district is represented by incumbent Thomas M. Stanley (Democrat) from Waltham. The Ninth Middlesex State Representative District is located entirely within Waltham, covering 14 precincts in the city."
State Representative,Ninth Norfolk,2023-01-04,"This Massachusetts Ninth Norfolk State Representative District is currently represented by Republican incumbent Marcus S. Vaughn of Wrentham, who won the seat in 2022 and was re-elected in 2024. The district includes parts of Medfield and Walpole, as well as Millis, Norfolk, Plainville, and Wrentham."
State Representative,Ninth Plymouth,2023-01-04,"The Massachusetts Ninth Plymouth State Representative District encompasses parts of Brockton, East Bridgewater, Easton, and West Bridgewater, with a population of 46,626. The current representative is Democrat Bridget M. Plouffe of Brockton, who was elected in 2024, succeeding longtime Democratic representative Gerard J. Cassidy."
State Representative,Ninth Suffolk,2023-01-04,"The Massachusetts Ninth Suffolk State Representative District is currently represented by Democratic incumbent John Francis Moran, who won a special election in 2023 with 100% of the vote. The district is located entirely in Boston, encompassing parts of 18 precincts within the city, and has a diverse population with 56% minority residents and 44% white residents."
State Representative,Ninth Worcester,2023-01-04,"The Ninth Worcester State Representative District is currently represented by Republican incumbent David Kent Muradian, Jr. of Grafton. The district encompasses the towns of Grafton, Northbridge, and Upton in central Massachusetts, covering 63 square miles with a population of 44,010."
State Representative,Second Barnstable,2023-01-04,"The Second Barnstable district is represented by incumbent Democrat Kip A. Diggs of Barnstable. The district includes most of Barnstable and portions of Yarmouth on Cape Cod, covering an area of 46 square miles with a population of approximately 44,853 residents."
State Representative,Second Berkshire,2023-01-04,"The Massachusetts Second Berkshire State Representative District is represented by incumbent Democrat Tricia Farley-Bouvier of Pittsfield. The district encompasses portions of Pittsfield and has a population of 43,730."
State Representative,Second Bristol,2023-01-04,"The Second Bristol State Representative District is located entirely in the city of Attleboro and is currently represented by Democrat James K. Hawkins, who has held the seat since winning a special election in April 2018."
State Representative,Second Essex,2023-01-04,"The Second Essex State Representative District in Massachusetts is currently represented by Kristin E. Kassner, a Democrat from Hamilton, who won a close race in 2022 and was reelected in 2024. The district encompasses Georgetown, Hamilton, Ipswich, Newbury, Rowley, and part of Topsfield, covering 112 square miles with a population of 46,046."
State Representative,Second Franklin,2023-01-04,"The Massachusetts Second Franklin State Representative District is currently represented by Susannah M. Whipps, an Independent from Athol who has held the seat since 2015. The district encompasses parts of central/north-central Massachusetts including the towns of Athol, Erving, Gill, parts of Greenfield, Northfield, Orange, Phillipston, Royalston, Warwick, and a precinct of Winchendon."
State Representative,Second Hampden,2023-01-04,"The Massachusetts Second Hampden State Representative District is represented by incumbent Brian M. Ashe (D-Longmeadow), who has held the seat since 2008. The district includes parts of East Longmeadow, Hampden, Longmeadow, Monson, and Springfield, covering approximately 72 square miles in western Massachusetts."
State Representative,Second Hampshire,2023-01-04,"The Massachusetts Second Hampshire State Representative District includes Easthampton, parts of Granby, Hadley, and South Hadley, with a population of 41,674. The current incumbent is Democrat Homar Gomez of Easthampton, who will represent the district following the 2024 election."
State Representative,Second Middlesex,2023-01-04,"This state legislative district encompasses parts of Chelmsford and all of Littleton and Westford. It is currently represented by Democratic incumbent James Arciero of Westford, who has held the seat since 2008."
State Representative,Second Norfolk,2023-01-04,"The Massachusetts Second Norfolk State Representative District is located entirely within the city of Quincy, encompassing 14 precincts. The district is currently represented by Democratic incumbent Tackey Chan, who has held the seat since 2010 and won reelection in 2024 with 70% of the vote."
State Representative,Second Plymouth,2023-01-04,"The Massachusetts Second Plymouth State Representative District is currently represented by Republican John Robert Gaskey from Carver, who won election in 2024 succeeding long-time incumbent Susan Williams Gifford. The district includes the towns of Carver and Wareham, plus parts of Middleborough, with a predominantly white (86%) population of approximately 42,045 residents."
State Representative,Second Suffolk,2023-01-04,"The Massachusetts Second Suffolk State Representative District is currently represented by incumbent Daniel J. Ryan (D-Boston), who has held the seat since winning a special election in 2014 and has run unopposed in subsequent elections. The district includes portions of Boston, Cambridge, and Everett, with a population of approximately 42,463 residents."
State Representative,Second Worcester,2023-01-04,"The Second Worcester State Representative District in Massachusetts is represented by incumbent Democrat Jonathan D. Zlotnik of Gardner, who has held the seat since 2013. The district includes the cities/towns of Ashburnham, Gardner, Templeton, and parts of Winchendon (precincts 2 and 3), covering a mostly rural area in central Massachusetts."
State Representative,Seventeenth Essex,2023-01-04,"The 17th Essex State Representative District in Massachusetts includes parts of Andover and Lawrence. It has been represented by incumbent Democratic Representative Frank A. Moran of Lawrence since 2012, who has run unopposed in the last several elections."
State Representative,Seventeenth Middlesex,2023-01-04,"The Seventeenth Middlesex State Representative District primarily covers portions of Lowell and one precinct of Tewksbury, with a population of 45,189. The current incumbent is Democratic Representative Vanna Howard of Lowell, who has held the seat since 2020 and was most recently reelected in 2024 with 78% of the vote."
State Representative,Seventeenth Suffolk,2023-01-04,"The Massachusetts Seventeenth Suffolk State Representative District is currently represented by Kevin G. Honan, a Democrat from Boston who has held the seat unchallenged since at least 1994. The district encompasses parts of Boston and Brookline, covering approximately 2 square miles with a population of 42,369 residents."
State Representative,Seventeenth Worcester,2023-01-04,"The 17th Worcester State Representative District in Massachusetts includes parts of Leicester and Worcester. It is currently represented by Democrat David Henry Argosky LeBoeuf from Worcester, who has held the seat since 2018 and ran unopposed in the 2024 election."
State Representative,Seventh Bristol,2023-01-04,"The Massachusetts Seventh Bristol State Representative District is located in Fall River and is currently represented by Democrat Alan Silvia. The district has a population of about 40,266 with 35% minority residents and 21% living below poverty level."
State Representative,Seventh Essex,2023-01-04,"The Massachusetts Seventh Essex State Representative District comprises the city of Salem, with a population of approximately 44,000. Democratic incumbent Manny Cruz currently represents the district, having been elected in 2022 after Paul F. Tucker's tenure from 2014-2022."
State Representative,Seventh Hampden,2023-01-04,"The Massachusetts Seventh Hampden State Representative District is currently represented by Democrat Aaron L. Saunders of Belchertown, who is running unopposed in the 2024 election. The district includes Belchertown, Ludlow, New Salem, Pelham, Petersham, Shutesbury, and Wendell, covering 296 square miles with a population of approximately 42,313."
State Representative,Seventh Middlesex,2023-01-04,"The Seventh Middlesex State Representative District is currently represented by Democrat Jack Patrick Lewis of Framingham. The district covers parts of Framingham and Ashland, with a population of about 43,673 people across 23 square miles."
State Representative,Seventh Norfolk,2023-01-04,"The Massachusetts Seventh Norfolk State Representative District covers parts of Milton and Randolph, with a population of 42,319. The district is currently represented by Richard Gerard Wells, Jr. (D-Milton), who won the 2024 election with 65% of the vote against Clinton Graham."
State Representative,Seventh Plymouth,2023-01-04,"The Massachusetts Seventh Plymouth State Representative District is currently represented by Alyson M. Sullivan-Almeida (Republican) from Abington. The district covers the towns of Abington, Whitman, and parts of East Bridgewater (precincts 1, 2, and 3)."
State Representative,Seventh Suffolk,2023-01-04,"The Massachusetts Seventh Suffolk State Representative District covers several precincts in Boston, encompassing approximately 2 square miles with a population of 39,463. The district is currently represented by incumbent Chynah Tyler (D-Boston), who has won every election since 2016, with her predecessor Gloria L. Fox (D-Boston) having represented the district from at least 1990 to 2014."
State Representative,Seventh Worcester,2023-01-04,"This district covers parts of Auburn, Charlton, Leicester, Millbury, and Oxford. It has a population of 43,511 and is predominantly white (89%). The current incumbent is Paul K. Frost, a Republican from Auburn, who has held this seat since 1997 and has been consistently re-elected, most recently in 2022 with 75% of the vote against Terry Burke Dotson."
State Representative,Sixteenth Essex,2023-01-04,"This Massachusetts Sixteenth Essex State Representative District is primarily located in the cities of Lawrence and Methuen. The current incumbent is Francisco E. Paulino, a Democrat from Methuen, who was elected in 2022 and is running for reelection in 2024."
State Representative,Sixteenth Middlesex,2023-01-04,"The Massachusetts Sixteenth Middlesex State Representative District covers parts of Chelmsford and Lowell, with a population of 43,352. The current incumbent is Democratic Representative Rodney M. Elliott of Lowell, who was elected in 2022 with 65% of the vote and is running unopposed in the 2024 election."
State Representative,Sixteenth Suffolk,2023-01-04,"The Massachusetts Sixteenth Suffolk State Representative District is represented by incumbent Democrat Jessica Ann Giannino from Revere. The district encompasses most of Revere and a small portion of Saugus, with a population of approximately 40,000 residents."
State Representative,Sixteenth Worcester,2023-01-04,"Massachusetts Sixteenth Worcester State Representative District encompasses 13 precincts in Worcester. The current incumbent is Democrat Daniel M. Donahue of Worcester, who has represented the district since winning a special election in 2013 and has run unopposed in most recent elections."
State Representative,Sixth Bristol,2023-01-04,"The Massachusetts Sixth Bristol State Representative District includes parts of Fall River and one precinct in Freetown, with a population of 42,660. The current incumbent is Democrat Carole A. Fiola of Fall River, who has held the seat since winning a special election in September 2013."
State Representative,Sixth Essex,2023-01-04,"The district encompasses Beverly and Wenham, with a population of 43,831. The incumbent is Democratic State Representative Jerald A. Parisella of Beverly, who has represented the district since 2010, consistently winning reelection, most recently with 71% of the vote in 2024."
State Representative,Sixth Hampden,2023-01-04,"The Massachusetts Sixth Hampden State Representative District includes portions of Agawam, Chicopee, West Springfield, and Westfield, with a population of approximately 43,764. The current incumbent is Democratic Representative Michael J. Finn of West Springfield, who has held the seat since 2010 and has run unopposed in most recent elections."
State Representative,Sixth Middlesex,2023-01-04,"The Massachusetts Sixth Middlesex State Representative District encompasses Framingham with a diverse population of 40,033 residents. The current incumbent is Democrat Priscila S. Sousa from Framingham, who won reelection in 2022 and 2024 with 100% of the vote."
State Representative,Sixth Norfolk,2023-01-04,"The Massachusetts Sixth Norfolk State Representative District encompasses Avon, Canton, and parts of Stoughton, with a population of 43,712. The district is currently represented by William C. Galvin (D-Canton), who has consistently won elections since at least 1990, often running unopposed in recent elections."
State Representative,Sixth Plymouth,2023-01-04,"The Massachusetts Sixth Plymouth State Representative District covers Duxbury, parts of Halifax, Hanson, Marshfield, and Pembroke, encompassing an area of 66 square miles with a population of 44,620. Republican Kenneth Sweezey is the current representative, having defeated Democrat Rebecca Coletta in the 2024 election with 53% of the vote."
State Representative,Sixth Suffolk,2023-01-04,The Massachusetts Sixth Suffolk State Representative District is located in Boston and is currently represented by Democratic incumbent Russell E. Holmes. The district is predominantly minority (91%) with a significant Black population (57%) and has been consistently held by Democratic representatives who have run unopposed in elections since 2010.
State Representative,Sixth Worcester,2023-01-04,"The Massachusetts Sixth Worcester State Representative District encompasses Charlton (precincts 1, 2, 3, 4A), Dudley, Southbridge, and Spencer (precinct 1), covering about 84 square miles with a population of 43,277. The district is currently represented by Republican John J. Marsi, Jr. of Dudley, who won a special election in March 2024 and was reelected in November 2024 with 62% of the vote."
State Representative,Tenth Bristol,2023-01-04,"The Massachusetts Tenth Bristol State Representative District is located in southeastern Massachusetts, encompassing all of Fairhaven, Marion, and Mattapoisett, as well as portions of Acushnet, New Bedford, and Rochester. The current representative is Democrat Mark David Sylvia of Fairhaven, who won the seat in the 2024 election with 53% of the vote against Republican Joseph M. Pires."
State Representative,Tenth Essex,2023-01-04,The Massachusetts Tenth Essex State Representative District is located entirely within the city of Lynn and is currently represented by incumbent State Representative Daniel H. Cahill (D-Lynn). Representative Cahill has run unopposed in every election since he first won the seat in a special election in 2016.
State Representative,Tenth Hampden,2023-01-04,"The Massachusetts Tenth Hampden State Representative District is located entirely in Springfield and is currently represented by Democratic incumbent Carlos Gonzalez of Springfield. The district has a predominantly minority population (84%) with high poverty rates (42%), and Gonzalez has been re-elected without opposition since first winning the seat in 2014."
State Representative,Tenth Middlesex,2023-01-04,"The Massachusetts Tenth Middlesex State Representative District includes portions of Newton, Waltham, and Watertown, covering an area of 5 square miles with a population of 43,110. The district is currently represented by incumbent John J. Lawn, Jr. (D-Watertown), who has held the seat since winning a special election in 2011 and has run unopposed in most recent elections."
State Representative,Tenth Norfolk,2023-01-04,"This Massachusetts legislative district is currently represented by Democrat Jeffrey N. Roy of Franklin, who has held the seat since 2012. The district encompasses the town of Franklin and precincts 2, 3, and 4 of Medway, covering 35 square miles with a population of approximately 42,377 residents."
State Representative,Tenth Plymouth,2023-01-04,"The Massachusetts Tenth Plymouth State Representative District is located entirely within the city of Brockton, comprising precincts 4-A through 6-D. The district is currently represented by incumbent Democrat Michelle Marie Dubois of Brockton, who has held the seat since 2014."
State Representative,Tenth Suffolk,2023-01-04,"The Tenth Suffolk State Representative District in Massachusetts encompasses parts of Boston and Brookline, covering about 8 square miles. The current incumbent is William Macgregor (D-Boston), who won a special election in 2023 and was re-elected in 2024. Previously, the district was represented by Edward Coppinger from 2010 to 2022."
State Representative,Tenth Worcester,2023-01-04,"The Massachusetts Tenth Worcester State Representative District includes the towns of Hopedale, Mendon, and Milford. The current incumbent is Brian William Murray, a Democrat from Milford, who has represented the district since 2016 and has won his most recent elections unopposed."
State Representative,Third Barnstable,2023-01-04,"The Massachusetts Third Barnstable State Representative District covers parts of Bourne and Falmouth, as well as Mashpee, with a total population of 44,429. The district is currently represented by Republican David T. Vieira of Falmouth, who has held the seat since defeating Democrat Matthew Patrick in 2010 and most recently won reelection in 2024."
State Representative,Third Berkshire,2023-01-04,"The Massachusetts Third Berkshire State Representative District covers 18 towns in western Massachusetts including Great Barrington, Lenox, and several other Berkshire County communities. The district is currently represented by Democrat Leigh Susan Davis of Great Barrington, who won the seat in 2024 with 57% of the vote against independent candidate Marybeth F. Mitts."
State Representative,Third Bristol,2023-01-04,"The Massachusetts Third Bristol State Representative District encompasses parts of Taunton and Easton, with a population of 46,224. The current representative is Carol Ann Doherty, a Democrat from Taunton, who won the 2022 election with 57% of the vote against Republican Christopher P. Coute."
State Representative,Third Essex,2023-01-04,"The Third Essex State Representative District in Massachusetts is represented by Democratic incumbent Andres X. Vargas from Haverhill. The district encompasses 18 precincts in Haverhill and has a population of approximately 46,201 residents."
State Representative,Third Hampden,2023-01-04,"The Massachusetts Third Hampden State Representative District is currently represented by incumbent Republican Nicholas A. Boldyga of Southwick. The district covers parts of Agawam and several small towns in western Massachusetts, with a predominantly white (90%) population of about 43,842 residents."
State Representative,Third Hampshire,2023-01-04,"The Massachusetts Third Hampshire State Representative District encompasses Amherst and parts of Granby (precincts 1 and 2A), covering 42 square miles with a population of 36,357. The incumbent is Democrat Mindy Domb of Amherst, who has represented the district since winning election in 2018."
State Representative,Third Middlesex,2023-01-04,"The Massachusetts Third Middlesex State Representative District is currently represented by incumbent Democrat Kate Hogan of Stow, who has held the seat since 2008. The district encompasses the towns of Bolton, Hudson, Maynard, and Stow in Middlesex County."
State Representative,Third Norfolk,2023-01-04,"The Third Norfolk State Representative District is currently represented by Ronald Mariano (D-Quincy), who has held the seat since 1991 and serves as Speaker of the House. The district covers parts of Quincy, Weymouth, and Holbrook with a population of approximately 41,814 people."
State Representative,Third Plymouth,2023-01-04,"The Massachusetts Third Plymouth State Representative District includes the towns of Cohasset, Hingham, and Hull. The current incumbent is Joan Meschino (D-Hull), who has represented the district since 2016 and has run unopposed in the last three election cycles (2020, 2022, and 2024)."
State Representative,Third Suffolk,2023-01-04,"The Massachusetts Third Suffolk State Representative District covers a small area of about 1 square mile in Boston, encompassing parts of several Boston precincts. The incumbent is House Ways and Mean Chair Aaron M. Michlewitz of Boston, who has held the seat since winning a special election in 2009, and has run unopposed in every regular election since taking office."
State Representative,Third Worcester,2023-01-04,"The Massachusetts Third Worcester State Representative District is primarily located in Fitchburg with some precincts from Lunenburg. The district is currently represented by incumbent Democrat Michael P. Kushmerek of Fitchburg, who has held the seat since 2020."
State Representative,Thirteenth Bristol,2023-01-04,"The Massachusetts Thirteenth Bristol State Representative District is located entirely within New Bedford and is currently represented by incumbent Democrat Antonio F.D. Cabral, who has held the seat since at least 1990. The district encompasses multiple precincts in New Bedford, covering an area of approximately 5 square miles."
State Representative,Thirteenth Essex,2023-01-04,"The Thirteenth Essex State Representative District in Massachusetts covers parts of Danvers, Middleton, Peabody, Topsfield, and Wenham, spanning 30 square miles with a population of 44,833. The district is predominantly white (88%) with a 4% poverty rate and 36% college-educated population. It is currently represented by Democratic incumbent Sally P. Kerans of Danvers, who reclaimed the seat in 2020 after previously serving in the early 1990s."
State Representative,Thirteenth Middlesex,2023-01-04,"This legislative district encompasses parts of Concord, Lincoln, Marlborough, Sudbury, and Wayland. The current incumbent is Democrat Carmine Lawrence Gentile from Sudbury, who has represented the district since 2014 and most recently won reelection in 2024 with 74% of the vote."
State Representative,Thirteenth Norfolk,2023-01-04,"The Massachusetts Thirteenth Norfolk State Representative District includes all of Dover, parts of Medfield, and all of Needham, covering a predominantly white, affluent area with low poverty rates. The district is currently represented by Joshua Tarsky, a Democrat from Needham, who won the seat in 2024 with 61% of the vote after longtime Democratic representative Denise C. Garlick held the position from 2010 to 2022."
State Representative,Thirteenth Suffolk,2023-01-04,"The Massachusetts Thirteenth Suffolk State Representative District is represented by incumbent Daniel J. Hunt (D-Boston). The district is located entirely within Boston, encompassing parts of Dorchester and surrounding neighborhoods. Hunt has held this seat since winning a special election in 2014, running unopposed in every election since then."
State Representative,Thirteenth Worcester,2023-01-04,"The Thirteenth Worcester State Representative District is located entirely in Worcester, Massachusetts, covering 13 precincts within the city. The district is currently represented by incumbent John J. Mahoney, Jr. (D-Worcester), who has held the seat since 2010 and has run unopposed in most recent elections."
State Representative,Thirtieth Middlesex,2023-01-04,"Massachusetts Thirtieth Middlesex State Representative District is currently represented by Richard M. Haggerty (Democrat) from Woburn. The district encompasses parts of Reading (precincts 2-6) and Woburn (multiple precincts), covering an area of 13 square miles with a population of approximately 46,920."
State Representative,Thirty-Fifth Middlesex,2023-01-04,"The Massachusetts Thirty-Fifth Middlesex State Representative District covers parts of Malden and Medford, with a population of 42,781. The district is currently represented by incumbent Paul J. Donato, Sr. (D-Medford), who has won consecutive elections since 2002, often running unopposed."
State Representative,Thirty-First Middlesex,2023-01-04,"The Massachusetts Thirty-First Middlesex State Representative District covers parts of Stoneham and Winchester, with a population of 43,563. The incumbent is Democrat Michael Seamus Day of Stoneham, who has held the seat since 2014 and is running unopposed in the 2024 election."
State Representative,Thirty-Fourth Middlesex,2023-01-04,"The Massachusetts Thirty-Fourth Middlesex State Representative District is represented by incumbent Democrat Christine P. Barber of Somerville, who has served the district since 2014. The district includes parts of Medford and Somerville in the eastern part of the state."
State Representative,Thirty-Second Middlesex,2023-01-04,"The Massachusetts Thirty-Second Middlesex State Representative District covers parts of Malden, all of Melrose, and precincts 4, 5, and 6 in Wakefield. The district is currently represented by Democratic incumbent Kate Lipper-Garabedian of Melrose, who has held the seat since winning a special election in March 2020."
State Representative,Thirty-Seventh Middlesex,2023-01-04,"The Thirty-Seventh Middlesex State Representative District in Massachusetts is currently represented by Democrat Danillo A. Sena of Acton. The district includes portions of Acton, as well as Ayer, Boxborough, part of Groton, Harvard, and Shirley, covering an area of 86 square miles in north-central Massachusetts."
State Representative,Thirty-Sixth Middlesex,2023-01-04,"The Thirty-Sixth Middlesex State Representative District in Massachusetts includes the towns of Dracut and Tyngsborough. It is currently represented by Democrat Colleen M. Garry of Dracut, who has held this seat since at least 2002 and has won several elections, sometimes unopposed."
State Representative,Thirty-Third Middlesex,2023-01-04,"The Thirty-Third Middlesex State Representative District is located entirely within Malden, covering 18 precincts of the city. It is currently represented by Democrat Steven Ultrino of Malden, who has won every election since 2014, running unopposed in the most recent elections."
State Representative,Twelfth Bristol,2023-01-04,"The Massachusetts Twelfth Bristol State Representative District covers Berkley, Lakeville, parts of Middleborough (precincts 2, 4, 5, 7), and parts of Taunton (precincts 3-A, 3-B, 4-A, 4-B). The current incumbent is Norman J. Orrall, a Republican from Lakeville, who has held the seat since winning election in 2018."
State Representative,Twelfth Essex,2023-01-04,"The Massachusetts Twelfth Essex State Representative District covers Peabody (all 15 precincts) with a population of 44,442. The current incumbent is Thomas P. Walsh, a Democrat from Peabody, who has represented the district since 2016 and previously served from 1990-1994."
State Representative,Twelfth Hampden,2023-01-04,"The Massachusetts Twelfth Hampden State Representative District is currently represented by incumbent Democrat Angelo J. Puppolo, Jr. of Springfield. The district includes parts of East Longmeadow, Monson, Springfield, and Wilbraham, with a population of approximately 44,026 people."
State Representative,Twelfth Middlesex,2023-01-04,"The Massachusetts Twelfth Middlesex State Representative District includes parts of Brookline and Newton, with a population of 44,561. The current incumbent is Democrat Greg Schwartz from Newton, who will represent the district following the 2024 election after a long tenure by Ruth B. Balser, who had represented the district since at least 2002."
State Representative,Twelfth Norfolk,2023-01-04,"The Massachusetts Twelfth Norfolk State Representative District is represented by incumbent Democrat John H. Rogers of Norwood, who has held the seat since at least 1992. The district covers the town of Norwood and several precincts in Walpole, with a population of about 44,415 people."
State Representative,Twelfth Plymouth,2023-01-04,"The Twelfth Plymouth State Representative District in Massachusetts includes parts of Halifax, Kingston, Middleborough, Pembroke, Plymouth, and Plympton, covering 77 square miles with a population of 45,094. The district is currently represented by incumbent Democrat Kathleen R. LaNatra of Kingston, who was most recently reelected in 2024."
State Representative,Twelfth Suffolk,2023-01-04,"The Massachusetts Twelfth Suffolk State Representative District is currently represented by Democrat Brandy Fluker Oakley of Boston who has held the seat since 2020. The district encompasses parts of Boston and Milton, with a predominantly minority population (83%) that includes portions of the Dorchester, Mattapan, and Hyde Park neighborhoods."
State Representative,Twelfth Worcester,2023-01-04,"The 12th Worcester State Representative District in Massachusetts is currently represented by Democratic incumbent Meghan Kilcoyne of Clinton. The district encompasses Berlin, Boylston, Clinton, Lancaster, Sterling, and part of Northborough, covering a mostly white, suburban/rural area in central Massachusetts."
State Representative,Twentieth Middlesex,2023-01-04,"The Massachusetts Twentieth Middlesex State Representative District is currently represented by incumbent Republican Bradley H. Jones, Jr. of North Reading, who has held the seat continuously since at least 2002. The district includes parts of Lynnfield, Middleton, North Reading, and Reading, covering an area of 41 square miles with a population of approximately 44,611."
State Representative,Twenty-Eighth Middlesex,2023-01-04,"The Twenty-Eighth Middlesex State Representative District is located entirely within the city of Everett, Massachusetts. The current incumbent is Democratic State Representative Joseph W. McGonagle, Jr. of Everett, who has represented the district since 2014.
"
State Representative,Twenty-Fifth Middlesex,2023-01-04,"The Massachusetts Twenty-Fifth Middlesex State Representative District is located entirely in Cambridge and is currently represented by Democratic incumbent Marjorie C. Decker. The district has been consistently held by Democrats, with Rep. Decker winning her elections with overwhelming majorities, often running unopposed."
State Representative,Twenty-First Middlesex,2023-01-04,"Massachusetts Twenty-First Middlesex State Representative District is currently represented by Kenneth I. Gordon (D-Bedford) who has been serving since 2012 and has run unopposed in the last four elections. The district covers Bedford, Burlington, and part of Lexington (Precinct 6)."
State Representative,Twenty-Fourth Middlesex,2023-01-04,"The Massachusetts Twenty-Fourth Middlesex State Representative District is currently represented by incumbent David M. Rogers (D-Cambridge), who has run unopposed in every election since 2014. The district covers parts of Arlington, Belmont, and Cambridge, encompassing approximately 7 square miles with a population of 46,340."
State Representative,Twenty-Ninth Middlesex,2023-01-04,"The Massachusetts Twenty-Ninth Middlesex State Representative District is currently represented by incumbent Democrat Steven C. Owens of Watertown. The district encompasses parts of Cambridge (8 precincts) and all of Watertown (8 precincts), covering approximately 5 square miles with a population of 43,429."
State Representative,Twenty-Second Middlesex,2023-01-04,"This district covers the town of Billerica and is currently represented by Republican incumbent Marc T. Lombardo, who has held the seat since 2010 and won his most recent election in 2022 with 54% of the vote against Democratic challenger Teresa Nicole English."
State Representative,Twenty-Seventh Middlesex,2023-01-04,"The Massachusetts Twenty-Seventh Middlesex State Representative District is located entirely within Somerville and is currently represented by Democrat Erika Uyterhoeven, who has held the seat since 2021. The district is highly Democratic, with the incumbent typically winning without Republican opposition."
State Representative,Twenty-Sixth Middlesex,2023-01-04,"This district, covering parts of Cambridge and Somerville, is currently represented by incumbent Democrat Mike Connolly of Cambridge. The district has a population of 47,124 people and has been held by Connolly since he was first elected in 2016."
State Representative,Twenty-Third Middlesex,2023-01-04,"The Twenty-Third Middlesex State Representative District in Massachusetts includes portions of Arlington (15 precincts) and Medford (3 precincts). The current incumbent is Sean Garballey (Democrat) from Arlington, who has held the seat since winning a special election in March 2008 and has run unopposed in most subsequent elections."
State Senate,"Berkshire, Hampden, Franklin and Hampshire",2023-01-04,"The Massachusetts Berkshire, Hampden, Franklin and Hampshire State Senate District encompasses 57 cities and towns covering 1,676 square miles in western Massachusetts. The incumbent is Democrat Paul W. Mark from Becket, who won reelection in 2024 with 71% of the vote against Republican challenger David A. Rosa."
State Senate,Bristol and Norfolk,2023-01-04,"The Massachusetts Bristol and Norfolk State Senate District is currently represented by Democratic incumbent Paul R. Feeney from Foxborough. The district covers parts of southeastern Massachusetts including Attleboro, Canton, Foxborough, Mansfield, North Attleborough, Norton, and Sharon."
State Senate,Cape and Islands,2023-01-04,"The Massachusetts Cape and Islands State Senate District covers the Cape Cod region, Martha's Vineyard, and Nantucket, spanning 19 towns with a total population of 169,739 across 407 square miles. The current incumbent is Julian Andre Cyr, a Democrat from Provincetown who has represented the district since 2017 and was most recently reelected in 2024."
State Senate,Fifth Middlesex,2023-01-04,"The Massachusetts Fifth Middlesex State Senate District is currently represented by Democrat Jason M. Lewis of Winchester, who has held the seat since winning a special election in 2014. The district includes Malden, Melrose, Reading, Stoneham, Wakefield, and part of Winchester, covering 37 square miles in the northeastern suburbs of Boston."
State Senate,First Bristol and Plymouth,2023-01-04,"The Massachusetts First Bristol and Plymouth State Senate District encompasses Fall River, Freetown, Lakeville, Rochester, Somerset, Swansea, and Westport, covering 237 square miles with a population of 171,292. The current incumbent is Democratic State Senator Michael J. Rodrigues of Westport, who has represented the district since 2010 and ran unopposed in the 2024 election."
State Senate,First Essex,2023-01-04,"The Massachusetts First Essex State Senate District is currently represented by Democratic incumbent Pavel M. Payano of Lawrence, who has held the seat since 2022. The district encompasses parts of Haverhill and all of Lawrence and Methuen, covering 34 square miles with a population of 164,705. It is a diverse district with a 67% minority population, including 59% Hispanic residents."
State Senate,First Essex and Middlesex,2023-01-04,"The Massachusetts First Essex and Middlesex State Senate District is represented by longtime Republican incumbent Bruce E. Tarr of Gloucester, who has held the seat since 1994. The district covers multiple communities across northeastern Massachusetts including parts of Essex and Middlesex counties, with a predominantly white (90%) population of 176,199 residents."
State Senate,First Middlesex,2023-01-04,"The First Middlesex State Senate District of Massachusetts is currently represented by incumbent Vanna Howard (D-Lowell) who was elected in a special election to replace Edward J. Kennedy (D-Lowell) who died on October 1, 2025. The district is located in northeastern Massachusetts and includes the municipalities of Lowell, Dracut, Dunstable, Pepperell, and Tyngsborough."
State Senate,First Plymouth and Norfolk,2023-01-04,"This district is represented by incumbent Republican Patrick A. O'Connor of Weymouth, who won reelection in 2022 with 61% of the vote. The district includes the towns of Cohasset, Duxbury, Hingham, Hull, Marshfield, Norwell, Scituate, and Weymouth, covering 146 square miles along Massachusetts' South Shore region."
State Senate,First Suffolk,2023-01-04,"The Massachusetts First Suffolk State Senate District is currently represented by Democratic incumbent Nicholas P. Collins from Boston. The district includes parts of Boston, covering 12 square miles with a population of 179,012, and encompasses a diverse area with 54% minority population."
State Senate,First Worcester,2023-01-04,"The First Worcester State Senate District is currently represented by Robyn K. Kennedy (D-Worcester), who is running unopposed in the 2024 election. The district encompasses parts of Worcester and several surrounding towns, with 58% white and 42% minority population, covering an area of 107 square miles."
State Senate,Fourth Middlesex,2023-01-04,"The Massachusetts Fourth Middlesex State Senate District is currently represented by incumbent Democrat Cindy F. Friedman of Arlington, who has held the seat since winning a special election in 2017. The district encompasses Arlington, Billerica, Burlington, parts of Lexington (precincts 1, 2, 4, 5, 6, 7), and Woburn."
State Senate,Hampden,2023-01-04,"The Massachusetts Hampden State Senate District is currently represented by Adam Gomez (D-Springfield), who has been in office since 2020 and was most recently reelected unopposed in 2022. The district covers parts of Springfield and Chicopee, with a diverse population that is 69% minority (48% Hispanic, 16% Black) and has a 25% poverty rate."
State Senate,Hampden and Hampshire,2023-01-04,"The Hampden and Hampshire State Senate District in Massachusetts is currently represented by incumbent Democratic Senator John C. Velis of Westfield. The district covers parts of western Massachusetts, including all or portions of Agawam, Chicopee, Easthampton, Holyoke, Montgomery, Russell, Southampton, West Springfield, and Westfield. The district has a total population of 167,016 and has traditionally leaned Democratic in recent elections."
State Senate,"Hampden, Hampshire and Worcester",2023-01-04,"This state senate district includes parts of Chicopee and Springfield, as well as several complete towns including Belchertown, East Longmeadow, Granby, Hampden, Longmeadow, Ludlow, Palmer, South Hadley, Warren, and Wilbraham. The district is currently represented by Democrat Jacob R. Oliveira of Ludlow, who first won the seat in 2022 with 56% of the vote and is running unopposed in 2024."
State Senate,"Hampshire, Franklin and Worcester",2023-01-04,"The Massachusetts Hampshire, Franklin and Worcester State Senate District is currently represented by incumbent Jo Comerford (D-Northampton) who has held the seat since 2018 and has run unopposed in recent elections. The district spans 25 municipalities in western Massachusetts including Amherst, Northampton, Greenfield, and surrounding towns, covering 783 square miles with approximately 160,574 residents."
State Senate,Middlesex and Norfolk,2023-01-04,"The Massachusetts Middlesex and Norfolk State Senate District, represented by incumbent Karen E. Spilka (D-Ashland), encompasses the cities/towns of Ashland, Framingham, Holliston, Hopkinton, Medway, and Natick. Spilka has won re-election unopposed in the most recent elections."
State Senate,Middlesex and Suffolk,2023-01-04,"The Massachusetts Middlesex and Suffolk State Senate District is represented by incumbent Sal N. DiDomenico (D-Everett), who has won his elections with 100% of the vote since at least 2012. The district covers parts of Boston and Cambridge, as well as Chelsea and Everett, with a diverse population that is 56% minority residents."
State Senate,Middlesex and Worcester,2023-01-04,"The Middlesex and Worcester State Senate District in Massachusetts is currently represented by Democratic incumbent James B. Eldridge from Marlborough, who has held the seat since 2008. The district encompasses several towns in eastern Massachusetts including Acton, Ayer, Boxborough, Harvard, Hudson, Littleton, Marlborough, Maynard, Southborough, Stow, Sudbury, and Wayland."
State Senate,Norfolk and Middlesex,2023-01-04,"This Massachusetts state senate district is represented by incumbent Democrat Cynthia Stone Creem of Newton, who has run unopposed in recent elections. The district covers parts of Brookline, Newton, and Wellesley, with a total population of about 181,313."
State Senate,Norfolk and Plymouth,2023-01-04,"This Massachusetts Norfolk and Plymouth State Senate district is currently represented by John F. Keenan (D-Quincy), who has held the seat since 2010 and ran unopposed in the 2024 election. The district includes parts of Braintree, as well as Abington, Hanover, Holbrook, Quincy, and Rockland."
State Senate,Norfolk and Suffolk,2023-01-04,"The Norfolk and Suffolk State Senate District in Massachusetts is represented by incumbent Michael F. Rush (D-Boston), who has run unopposed since at least 2012. The district encompasses parts of Boston as well as Dedham, Norwood, Walpole, and Westwood, with a population of 183,656 that is predominantly white (69%) with 31% minority residents."
State Senate,"Norfolk, Plymouth and Bristol",2023-01-04,"This is a Massachusetts state senate district with an incumbent Democrat, William J. Driscoll, Jr. of Milton (who appears to be replacing Walter F. Timilty, Jr.). The district includes parts of Braintree and Randolph, as well as the towns of Bridgewater, Easton, Milton, Stoughton, and West Bridgewater, covering an area of 120 square miles with a population of 166,202."
State Senate,"Norfolk, Worcester and Middlesex",2023-01-04,"The Norfolk, Worcester and Middlesex State Senate District is currently represented by Democratic incumbent Rebecca L. Rausch of Needham, who won re-election in 2024 with 59% of the vote. The district spans 11 communities across three counties including Bellingham, Dover, Franklin, Medfield, Milford, Millis, Needham, Norfolk, Plainville, Sherborn, and Wrentham."
State Senate,Plymouth and Barnstable,2023-01-04,"The Massachusetts Plymouth and Barnstable State Senate District covers towns including Bourne, Falmouth, Kingston, Mashpee, Pembroke, Plymouth, Plympton, and Sandwich. The district is currently represented by Democrat Susan Lynn Moran of Falmouth, who won her seat in the 2022 election with 56% of the vote."
State Senate,Second Bristol and Plymouth,2023-01-04,"The Massachusetts Second Bristol and Plymouth State Senate District is represented by long-serving Democratic incumbent Mark C. Montigny of New Bedford. The district encompasses parts of southeastern Massachusetts including Acushnet, Dartmouth, Fairhaven, Mattapoisett, and New Bedford."
State Senate,Second Essex,2023-01-04,"The Massachusetts Second Essex State Senate District is represented by incumbent Democratic Senator Joan B. Lovely of Salem, who has held the seat since 2012. The district covers parts of northeastern Massachusetts including Beverly, Danvers, Peabody, and Salem, with a population of approximately 167,000 residents."
State Senate,Second Essex and Middlesex,2023-01-04,"The Massachusetts Second Essex and Middlesex State Senate District is represented by incumbent Democrat Barry R. Finegold of Andover. The district spans portions of Essex and Middlesex counties, including Amesbury, Andover, parts of Haverhill, Merrimac, North Andover, Tewksbury, and Wilmington."
State Senate,Second Middlesex,2023-01-04,"The Massachusetts Second Middlesex State Senate District is currently represented by Democratic incumbent Patricia D. Jehlen of Somerville, who has held the seat since winning a special election in 2005. The district covers parts of Cambridge, Medford, Somerville, and Winchester, with a population of approximately 180,000 residents."
State Senate,Second Plymouth and Norfolk,2023-01-04,"The Massachusetts Second Plymouth and Norfolk State Senate District covers Avon, Brockton, East Bridgewater, Halifax, Hanson, parts of Randolph (precincts 1, 2, 3, 7, 8), and Whitman. The current incumbent is Michael D. Brady (D-Brockton), who won his most recent election in 2022 with 64% of the vote against Republican challenger Jim Gordon."
State Senate,Second Suffolk,2023-01-04,"This district is currently represented by incumbent State Senator Liz Miranda (D-Boston). The district encompasses parts of Boston, including sections of Dorchester, Roxbury, and parts of Jamaica Plain, with a diverse population that is 80% minority and 20% white."
State Senate,Second Worcester,2023-01-04,"The Massachusetts Second Worcester State Senate District is currently represented by incumbent Democratic Senator Michael O. Moore from Millbury, who has held the seat since 2008 and has run unopposed in the last four elections. The district includes portions of Worcester and the towns of Auburn, Grafton, Millbury, Shrewsbury, and Westborough, with a population of approximately 167,287 residents."
State Senate,Suffolk and Middlesex,2023-01-04,"This Massachusetts state senate district, encompassing parts of Boston, Cambridge, Belmont, and Watertown, is currently represented by incumbent Democrat William N. Brownsberger from Belmont. The district has a population of approximately 174,633 residents and covers 17 square miles in the eastern part of the state."
State Senate,Third Bristol and Plymouth,2023-01-04,"The Third Bristol and Plymouth State Senate District, currently represented by Republican Kelly A. Dooner who narrowly defeated Democrat Joseph Richard Pacheco in 2024, covers ten communities in southeastern Massachusetts including Taunton, Wareham, Middleborough, and several other towns. The district has a predominantly white (83%) population with 43% classified as white working-class, and spans an area of 339 square miles."
State Senate,Third Essex,2023-01-04,"The Massachusetts Third Essex State Senate District is currently represented by Democrat Brendan Peter Crighton of Lynn, who has held the seat since winning a special election in 2018 and has run unopposed in most elections. The district includes Lynn, Lynnfield, Marblehead, Nahant, Saugus, and Swampscott, covering 42 square miles with a population of 179,487."
State Senate,Third Middlesex,2023-01-04,"The Massachusetts Third Middlesex State Senate District is represented by incumbent Democrat Michael J. Barrett of Lexington, who has served since 2012 and has run unopposed in the last four elections. The district encompasses parts of Middlesex County, including Bedford, Carlisle, Chelmsford, Concord, parts of Lexington, Lincoln, Waltham, and Weston."
State Senate,Third Suffolk,2023-01-04,"This Massachusetts state senate district includes parts of Boston, with a population of approximately 176,801 people. The incumbent is Lydia Marie Edwards (D-Boston), who won reelection in 2024 with 70% of the vote against Republican challenger Jeannamarie Tamas."
State Senate,Worcester and Hampden,2023-01-04,"This is a Massachusetts state senate district covering multiple towns in central Massachusetts, including Blackstone, Charlton, Dudley, and several others. The current incumbent is Ryan C. Fattman, a Republican from Sutton who won reelection in 2024 with 66% of the vote against Democratic challenger Anthony Allard."
State Senate,Worcester and Hampshire,2023-01-04,"This state senate district, currently represented by Peter J. Durant (R-Spencer) who won the seat in a 2023 special election, covers approximately 617 square miles of central Massachusetts. The district includes 21 municipalities, primarily rural and suburban towns in Worcester and Hampshire counties, along with several precincts in the city of Worcester."
State Senate,Worcester and Middlesex,2023-01-04,"The Massachusetts Worcester and Middlesex State Senate District is currently represented by incumbent John J. Cronin (D-Fitchburg), who was reelected in 2024 with 59% of the vote. The district encompasses ten municipalities in north-central Massachusetts including Fitchburg, Leominster, Clinton, and portions of Middlesex County."
U.S. House,Eighth,2023-01-04,"This district, which includes parts of Boston and several towns south of the city, has been represented by incumbent Democratic Representative Stephen F. Lynch of Boston since 2013. It covers portions of Boston and surrounding communities including Quincy, Brockton, and other municipalities in eastern Massachusetts."
U.S. House,Fifth,2023-01-04,"This Massachusetts Fifth U.S. House District is currently represented by incumbent Democratic Representative Katherine M. Clark from Revere. The district covers eastern Massachusetts communities including parts of Cambridge, Arlington, Framingham, Lexington, Malden, Medford, and several other municipalities in the greater Boston area."
U.S. House,First,2023-01-04,"The First U.S. House District in Massachusetts is represented by incumbent Richard E. Neal (D-Springfield), who has held the seat since 2012. The district covers much of western Massachusetts, including Springfield, Pittsfield, Holyoke, and numerous towns across Berkshire, Hampden, Hampshire, Franklin, and Worcester counties, spanning 2,293 square miles."
U.S. House,Fourth,2023-01-04,"The Massachusetts Fourth U.S. House District is currently represented by Democratic incumbent Jake Auchincloss of Newton, who has held the seat since 2021. The district covers 710 square miles in eastern Massachusetts, including portions of Norfolk, Bristol, and Middlesex counties, with a population of approximately 778,000 residents."
U.S. House,Ninth,2023-01-04,"The Massachusetts Ninth U.S. House District is currently represented by Democratic incumbent Bill Keating of Bourne, who won re-election in 2024 with 57% of the vote. The district covers southeastern Massachusetts, including Cape Cod, the Islands (Martha's Vineyard and Nantucket), and portions of the South Shore and South Coast, encompassing numerous towns from New Bedford to Provincetown."
U.S. House,Second,2023-01-04,"This district is currently represented by Democratic incumbent James P. McGovern from Worcester, who has been consistently winning elections with 65-69% of the vote in recent years. The district covers a large portion of central Massachusetts including Worcester, Northampton, and numerous towns in western and central Massachusetts, encompassing both urban and rural areas."
U.S. House,Seventh,2023-01-04,"The Massachusetts Seventh U.S. House District is currently represented by Democratic incumbent Ayanna S. Pressley of Boston, who has held the seat since 2018. The district is a densely populated urban area covering parts of Boston, Cambridge, Chelsea, Everett, Milton, Randolph, and Somerville, with a diverse population that is 61% minority."
U.S. House,Sixth,2023-01-04,"The Massachusetts Sixth U.S. House District is located in northeastern Massachusetts and is currently represented by incumbent Democrat Seth W. Moulton of Salem. The district covers a population of 771,092 across 553 square miles in Essex County and parts of Middlesex County, including communities like Beverly, Gloucester, Lynn, Peabody, Salem, and portions of several other municipalities."
U.S. House,Third,2023-01-04,"The Massachusetts Third U.S. House District is represented by incumbent Lori Loureiro Trahan, a Democrat from Westford. The district covers portions of northeastern Massachusetts including parts of Middlesex, Worcester, and Essex counties, encompassing communities such as Acton, Lowell, Fitchburg, and portions of Billerica and Groton."
